function,belief_name,type,file,is_f9_relay
F1,HarmonicStability,Core,Musical_Intelligence.brain.functions.f1.beliefs.bch.harmonic_stability,False
F1,IntervalQuality,Appraisal,Musical_Intelligence.brain.functions.f1.beliefs.bch.interval_quality,False
F1,HarmonicTemplateMatch,Appraisal,Musical_Intelligence.brain.functions.f1.beliefs.bch.harmonic_template_match,False
F1,ConsonanceTrajectory,Anticipation,Musical_Intelligence.brain.functions.f1.beliefs.bch.consonance_trajectory,False
F1,ConsonanceSalienceGradient,Appraisal,Musical_Intelligence.brain.functions.f1.beliefs.csg.consonance_salience_gradient,False
F1,TimbralCharacter,Core,Musical_Intelligence.brain.functions.f1.beliefs.miaa.timbral_character,False
F1,ImageryRecognition,Anticipation,Musical_Intelligence.brain.functions.f1.beliefs.miaa.imagery_recognition,False
F1,MelodicContourTracking,Appraisal,Musical_Intelligence.brain.functions.f1.beliefs.mpg.melodic_contour_tracking,False
F1,ContourContinuation,Anticipation,Musical_Intelligence.brain.functions.f1.beliefs.mpg.contour_continuation,False
F1,SpectralComplexity,Appraisal,Musical_Intelligence.brain.functions.f1.beliefs.sded.spectral_complexity,False
F1,AestheticQuality,Core,Musical_Intelligence.brain.functions.f1.beliefs.stai.aesthetic_quality,False
F1,SpectralTemporalSynergy,Appraisal,Musical_Intelligence.brain.functions.f1.beliefs.stai.spectral_temporal_synergy,False
F1,RewardResponsePred,Anticipation,Musical_Intelligence.brain.functions.f1.beliefs.stai.reward_response_pred,False
F1,PitchProminence,Core,Musical_Intelligence.brain.functions.f1.beliefs.pscl.pitch_prominence,False
F1,PitchContinuation,Anticipation,Musical_Intelligence.brain.functions.f1.beliefs.pscl.pitch_continuation,False
F1,PitchIdentity,Core,Musical_Intelligence.brain.functions.f1.beliefs.pccr.pitch_identity,False
F1,OctaveEquivalence,Appraisal,Musical_Intelligence.brain.functions.f1.beliefs.pccr.octave_equivalence,False
F2,PredictionHierarchy,Core,Musical_Intelligence.brain.functions.f2.beliefs.htp.prediction_hierarchy,False
F2,PredictionAccuracy,Core,Musical_Intelligence.brain.functions.f2.beliefs.htp.prediction_accuracy,False
F2,HierarchyCoherence,Appraisal,Musical_Intelligence.brain.functions.f2.beliefs.htp.hierarchy_coherence,False
F2,AbstractFuture,Anticipation,Musical_Intelligence.brain.functions.f2.beliefs.htp.abstract_future,False
F2,MidlevelFuture,Anticipation,Musical_Intelligence.brain.functions.f2.beliefs.htp.midlevel_future,False
F2,SequenceMatch,Core,Musical_Intelligence.brain.functions.f2.beliefs.sph.sequence_match,False
F2,ErrorPropagation,Appraisal,Musical_Intelligence.brain.functions.f2.beliefs.sph.error_propagation,False
F2,OscillatorySignature,Appraisal,Musical_Intelligence.brain.functions.f2.beliefs.sph.oscillatory_signature,False
F2,SequenceCompletion,Anticipation,Musical_Intelligence.brain.functions.f2.beliefs.sph.sequence_completion,False
F2,InformationContent,Core,Musical_Intelligence.brain.functions.f2.beliefs.icem.information_content,False
F2,ArousalScaling,Appraisal,Musical_Intelligence.brain.functions.f2.beliefs.icem.arousal_scaling,False
F2,ValenceInversion,Appraisal,Musical_Intelligence.brain.functions.f2.beliefs.icem.valence_inversion,False
F2,DefenseCascade,Appraisal,Musical_Intelligence.brain.functions.f2.beliefs.icem.defense_cascade,False
F2,ArousalChangePred,Anticipation,Musical_Intelligence.brain.functions.f2.beliefs.icem.arousal_change_pred,False
F2,ValenceShiftPred,Anticipation,Musical_Intelligence.brain.functions.f2.beliefs.icem.valence_shift_pred,False
F2,PrecisionWeightedPE,Core,Musical_Intelligence.brain.functions.f2.beliefs.pwup.precision_weighted_pe,False
F2,TonalCertainty,Appraisal,Musical_Intelligence.brain.functions.f2.beliefs.pwup.tonal_certainty,False
F2,RhythmicCertainty,Appraisal,Musical_Intelligence.brain.functions.f2.beliefs.pwup.rhythmic_certainty,False
F2,PrecisionForecast,Anticipation,Musical_Intelligence.brain.functions.f2.beliefs.pwup.precision_forecast,False
F2,UncertaintyTrend,Anticipation,Musical_Intelligence.brain.functions.f2.beliefs.pwup.uncertainty_trend,False
F2,RhythmicPrediction,Core,Musical_Intelligence.brain.functions.f2.beliefs.wmed.rhythmic_prediction,False
F2,EntrainmentQuality,Appraisal,Musical_Intelligence.brain.functions.f2.beliefs.wmed.entrainment_quality,False
F2,WMEngagement,Appraisal,Musical_Intelligence.brain.functions.f2.beliefs.wmed.wm_engagement,False
F2,BeatForecast,Anticipation,Musical_Intelligence.brain.functions.f2.beliefs.wmed.beat_forecast,False
F2,ParadoxIndicator,Anticipation,Musical_Intelligence.brain.functions.f2.beliefs.wmed.paradox_indicator,False
F3,BeatEntrainment,Core,Musical_Intelligence.brain.functions.f3.beliefs.snem.beat_entrainment,False
F3,MeterHierarchy,Core,Musical_Intelligence.brain.functions.f3.beliefs.snem.meter_hierarchy,False
F3,SelectiveGain,Appraisal,Musical_Intelligence.brain.functions.f3.beliefs.snem.selective_gain,False
F3,BeatOnsetPred,Anticipation,Musical_Intelligence.brain.functions.f3.beliefs.snem.beat_onset_pred,False
F3,MeterPositionPred,Anticipation,Musical_Intelligence.brain.functions.f3.beliefs.snem.meter_position_pred,False
F3,AttentionCapture,Core,Musical_Intelligence.brain.functions.f3.beliefs.iacm.attention_capture,False
F3,ObjectSegregation,Appraisal,Musical_Intelligence.brain.functions.f3.beliefs.iacm.object_segregation,False
F3,PrecisionWeighting,Appraisal,Musical_Intelligence.brain.functions.f3.beliefs.iacm.precision_weighting,False
F3,AttentionShiftPred,Anticipation,Musical_Intelligence.brain.functions.f3.beliefs.iacm.attention_shift_pred,False
F3,SalienceNetworkActivation,Core,Musical_Intelligence.brain.functions.f3.beliefs.csg.salience_network_activation,False
F3,SensoryLoad,Appraisal,Musical_Intelligence.brain.functions.f3.beliefs.csg.sensory_load,False
F3,ConsonanceValenceMapping,Appraisal,Musical_Intelligence.brain.functions.f3.beliefs.csg.consonance_valence_mapping,False
F3,ProcessingLoadPred,Anticipation,Musical_Intelligence.brain.functions.f3.beliefs.csg.processing_load_pred,False
F3,AestheticEngagement,Appraisal,Musical_Intelligence.brain.functions.f3.beliefs.aacm.aesthetic_engagement,False
F3,SavoringEffect,Appraisal,Musical_Intelligence.brain.functions.f3.beliefs.aacm.savoring_effect,False
F4,AutobiographicalRetrieval,Core,Musical_Intelligence.brain.functions.f4.beliefs.meamn.autobiographical_retrieval,False
F4,NostalgiaIntensity,Core,Musical_Intelligence.brain.functions.f4.beliefs.meamn.nostalgia_intensity,False
F4,EmotionalColoring,Core,Musical_Intelligence.brain.functions.f4.beliefs.meamn.emotional_coloring,False
F4,RetrievalProbability,Appraisal,Musical_Intelligence.brain.functions.f4.beliefs.meamn.retrieval_probability,False
F4,MemoryVividness,Appraisal,Musical_Intelligence.brain.functions.f4.beliefs.meamn.memory_vividness,False
F4,SelfRelevance,Appraisal,Musical_Intelligence.brain.functions.f4.beliefs.meamn.self_relevance,False
F4,VividnessTrajectory,Anticipation,Musical_Intelligence.brain.functions.f4.beliefs.meamn.vividness_trajectory,False
F4,MelodicRecognition,Appraisal,Musical_Intelligence.brain.functions.f4.beliefs.mmp.melodic_recognition,False
F4,MemoryPreservation,Appraisal,Musical_Intelligence.brain.functions.f4.beliefs.mmp.memory_preservation,False
F4,MemoryScaffoldPred,Anticipation,Musical_Intelligence.brain.functions.f4.beliefs.mmp.memory_scaffold_pred,False
F4,EpisodicEncoding,Core,Musical_Intelligence.brain.functions.f4.beliefs.hcmc.episodic_encoding,False
F4,EpisodicBoundary,Appraisal,Musical_Intelligence.brain.functions.f4.beliefs.hcmc.episodic_boundary,False
F4,ConsolidationStrength,Appraisal,Musical_Intelligence.brain.functions.f4.beliefs.hcmc.consolidation_strength,False
F5,PerceivedHappy,Core,Musical_Intelligence.brain.functions.f5.beliefs.vmm.perceived_happy,False
F5,PerceivedSad,Core,Musical_Intelligence.brain.functions.f5.beliefs.vmm.perceived_sad,False
F5,ModeDetection,Appraisal,Musical_Intelligence.brain.functions.f5.beliefs.vmm.mode_detection,False
F5,EmotionCertainty,Appraisal,Musical_Intelligence.brain.functions.f5.beliefs.vmm.emotion_certainty,False
F5,HappyPathway,Appraisal,Musical_Intelligence.brain.functions.f5.beliefs.vmm.happy_pathway,False
F5,SadPathway,Appraisal,Musical_Intelligence.brain.functions.f5.beliefs.vmm.sad_pathway,False
F5,EmotionalArousal,Core,Musical_Intelligence.brain.functions.f5.beliefs.aac.emotional_arousal,False
F5,ChillsIntensity,Appraisal,Musical_Intelligence.brain.functions.f5.beliefs.aac.chills_intensity,False
F5,AnsDominance,Appraisal,Musical_Intelligence.brain.functions.f5.beliefs.aac.ans_dominance,False
F5,DrivingSignal,Anticipation,Musical_Intelligence.brain.functions.f5.beliefs.aac.driving_signal,False
F5,NostalgiaAffect,Core,Musical_Intelligence.brain.functions.f5.beliefs.nemac.nostalgia_affect,False
F5,SelfReferentialNostalgia,Appraisal,Musical_Intelligence.brain.functions.f5.beliefs.nemac.self_referential_nostalgia,False
F5,WellbeingEnhancement,Appraisal,Musical_Intelligence.brain.functions.f5.beliefs.nemac.wellbeing_enhancement,False
F5,NostalgiaPeakPred,Anticipation,Musical_Intelligence.brain.functions.f5.beliefs.nemac.nostalgia_peak_pred,False
F6,Wanting,Core,Musical_Intelligence.brain.functions.f6.beliefs.srp.wanting,False
F6,Liking,Core,Musical_Intelligence.brain.functions.f6.beliefs.srp.liking,False
F6,Pleasure,Core,Musical_Intelligence.brain.functions.f6.beliefs.srp.pleasure,False
F6,PredictionError,Core,Musical_Intelligence.brain.functions.f6.beliefs.srp.prediction_error,False
F6,Tension,Core,Musical_Intelligence.brain.functions.f6.beliefs.srp.tension,False
F6,PredictionMatch,Appraisal,Musical_Intelligence.brain.functions.f6.beliefs.srp.prediction_match,False
F6,PeakDetection,Appraisal,Musical_Intelligence.brain.functions.f6.beliefs.srp.peak_detection,False
F6,HarmonicTension,Appraisal,Musical_Intelligence.brain.functions.f6.beliefs.srp.harmonic_tension,False
F6,ChillsProximity,Anticipation,Musical_Intelligence.brain.functions.f6.beliefs.srp.chills_proximity,False
F6,ResolutionExpectation,Anticipation,Musical_Intelligence.brain.functions.f6.beliefs.srp.resolution_expectation,False
F6,RewardForecast,Anticipation,Musical_Intelligence.brain.functions.f6.beliefs.srp.reward_forecast,False
F6,DaCaudate,Appraisal,Musical_Intelligence.brain.functions.f6.beliefs.daed.da_caudate,False
F6,DaNacc,Appraisal,Musical_Intelligence.brain.functions.f6.beliefs.daed.da_nacc,False
F6,DissociationIndex,Appraisal,Musical_Intelligence.brain.functions.f6.beliefs.daed.dissociation_index,False
F6,TemporalPhase,Appraisal,Musical_Intelligence.brain.functions.f6.beliefs.daed.temporal_phase,False
F6,WantingRamp,Anticipation,Musical_Intelligence.brain.functions.f6.beliefs.daed.wanting_ramp,False
F7,PeriodEntrainment,Core,Musical_Intelligence.brain.functions.f7.beliefs.peom.period_entrainment,False
F7,KinematicEfficiency,Core,Musical_Intelligence.brain.functions.f7.beliefs.peom.kinematic_efficiency,False
F7,TimingPrecision,Appraisal,Musical_Intelligence.brain.functions.f7.beliefs.peom.timing_precision,False
F7,PeriodLockStrength,Appraisal,Musical_Intelligence.brain.functions.f7.beliefs.peom.period_lock_strength,False
F7,NextBeatPred,Anticipation,Musical_Intelligence.brain.functions.f7.beliefs.peom.next_beat_pred,False
F7,GrooveQuality,Core,Musical_Intelligence.brain.functions.f7.beliefs.hgsic.groove_quality,False
F7,BeatProminence,Appraisal,Musical_Intelligence.brain.functions.f7.beliefs.hgsic.beat_prominence,False
F7,MeterStructure,Appraisal,Musical_Intelligence.brain.functions.f7.beliefs.hgsic.meter_structure,False
F7,AuditoryMotorCoupling,Appraisal,Musical_Intelligence.brain.functions.f7.beliefs.hgsic.auditory_motor_coupling,False
F7,MotorPreparation,Appraisal,Musical_Intelligence.brain.functions.f7.beliefs.hgsic.motor_preparation,False
F7,GrooveTrajectory,Anticipation,Musical_Intelligence.brain.functions.f7.beliefs.hgsic.groove_trajectory,False
F7,ContextDepth,Core,Musical_Intelligence.brain.functions.f7.beliefs.hmce.context_depth,False
F7,ShortContext,Appraisal,Musical_Intelligence.brain.functions.f7.beliefs.hmce.short_context,False
F7,MediumContext,Appraisal,Musical_Intelligence.brain.functions.f7.beliefs.hmce.medium_context,False
F7,LongContext,Appraisal,Musical_Intelligence.brain.functions.f7.beliefs.hmce.long_context,False
F7,PhraseBoundaryPred,Anticipation,Musical_Intelligence.brain.functions.f7.beliefs.hmce.phrase_boundary_pred,False
F7,StructurePred,Anticipation,Musical_Intelligence.brain.functions.f7.beliefs.hmce.structure_pred,False
F8,TrainedTimbreRecognition,Core,Musical_Intelligence.brain.functions.f8.beliefs.tscp.trained_timbre_recognition,False
F8,PlasticityMagnitude,Appraisal,Musical_Intelligence.brain.functions.f8.beliefs.tscp.plasticity_magnitude,False
F8,ExpertiseEnhancement,Core,Musical_Intelligence.brain.functions.f8.beliefs.esme.expertise_enhancement,False
F8,PitchMmn,Appraisal,Musical_Intelligence.brain.functions.f8.beliefs.esme.pitch_mmn,False
F8,RhythmMmn,Appraisal,Musical_Intelligence.brain.functions.f8.beliefs.esme.rhythm_mmn,False
F8,TimbreMmn,Appraisal,Musical_Intelligence.brain.functions.f8.beliefs.esme.timbre_mmn,False
F8,ExpertiseTrajectory,Anticipation,Musical_Intelligence.brain.functions.f8.beliefs.esme.expertise_trajectory,False
F8,NetworkSpecialization,Core,Musical_Intelligence.brain.functions.f8.beliefs.ednr.network_specialization,False
F8,WithinConnectivity,Appraisal,Musical_Intelligence.brain.functions.f8.beliefs.ednr.within_connectivity,False
F8,StatisticalModel,Core,Musical_Intelligence.brain.functions.f8.beliefs.slee.statistical_model,False
F8,DetectionAccuracy,Appraisal,Musical_Intelligence.brain.functions.f8.beliefs.slee.detection_accuracy,False
F8,MultisensoryBinding,Appraisal,Musical_Intelligence.brain.functions.f8.beliefs.slee.multisensory_binding,False
F8,CompartmentalizationCost,Appraisal,Musical_Intelligence.brain.functions.f8.beliefs.ect.compartmentalization_cost,False
F8,TransferLimitation,Anticipation,Musical_Intelligence.brain.functions.f8.beliefs.ect.transfer_limitation,False
