subject,region_idx,region,tier,encoder,D,n_clips,r
sub-001,0,A1_HG,auditory,mi_ram_26d,26,480,0.01793610118329525
sub-001,1,STG,auditory,mi_ram_26d,26,480,0.058114200830459595
sub-001,2,STS,auditory,mi_ram_26d,26,480,-0.016763856634497643
sub-001,3,IFG,cortical,mi_ram_26d,26,480,0.04541490226984024
sub-001,4,dlPFC,cortical,mi_ram_26d,26,480,-0.028052108362317085
sub-001,5,vmPFC,cortical,mi_ram_26d,26,480,0.07130736857652664
sub-001,6,OFC,cortical,mi_ram_26d,26,480,0.008035250939428806
sub-001,7,ACC,cortical,mi_ram_26d,26,480,-0.022602759301662445
sub-001,8,SMA,cortical,mi_ram_26d,26,480,-0.010085991583764553
sub-001,9,PMC,cortical,mi_ram_26d,26,480,0.012751374393701553
sub-001,10,AG,cortical,mi_ram_26d,26,480,-0.07873861491680145
sub-001,11,TP,cortical,mi_ram_26d,26,480,-0.02628834918141365
sub-001,12,VTA,subcortical,mi_ram_26d,26,480,-0.029812626540660858
sub-001,13,NAcc,subcortical,mi_ram_26d,26,480,-0.008665633387863636
sub-001,14,caudate,subcortical,mi_ram_26d,26,480,-0.07522754371166229
sub-001,15,amygdala,subcortical,mi_ram_26d,26,480,-0.10760264843702316
sub-001,16,hippocampus,subcortical,mi_ram_26d,26,480,-0.04023365303874016
sub-001,17,putamen,subcortical,mi_ram_26d,26,480,0.01804325357079506
sub-001,18,MGB,auditory,mi_ram_26d,26,480,-0.017037387937307358
sub-001,19,hypothalamus,subcortical,mi_ram_26d,26,480,-0.0961546003818512
sub-001,20,insula,cortical,mi_ram_26d,26,480,0.0762658342719078
sub-001,21,IC,brainstem_gamma,mi_ram_26d,26,480,0.04736946150660515
sub-001,22,AN,brainstem_gamma,mi_ram_26d,26,480,
sub-001,23,CN,brainstem_gamma,mi_ram_26d,26,480,
sub-001,24,SOC,brainstem_gamma,mi_ram_26d,26,480,
sub-001,25,PAG,brainstem_gamma,mi_ram_26d,26,480,0.0334896445274353
sub-001,0,A1_HG,auditory,mi_naive_26d,26,480,-0.0860605537891388
sub-001,1,STG,auditory,mi_naive_26d,26,480,-0.13606253266334534
sub-001,2,STS,auditory,mi_naive_26d,26,480,-0.031178681179881096
sub-001,3,IFG,cortical,mi_naive_26d,26,480,0.053778696805238724
sub-001,4,dlPFC,cortical,mi_naive_26d,26,480,0.04853243753314018
sub-001,5,vmPFC,cortical,mi_naive_26d,26,480,-0.10619641095399857
sub-001,6,OFC,cortical,mi_naive_26d,26,480,-0.10695172846317291
sub-001,7,ACC,cortical,mi_naive_26d,26,480,-0.030820241197943687
sub-001,8,SMA,cortical,mi_naive_26d,26,480,-0.049081914126873016
sub-001,9,PMC,cortical,mi_naive_26d,26,480,0.03513791412115097
sub-001,10,AG,cortical,mi_naive_26d,26,480,-0.02650710754096508
sub-001,11,TP,cortical,mi_naive_26d,26,480,-0.11697527766227722
sub-001,12,VTA,subcortical,mi_naive_26d,26,480,0.04663844779133797
sub-001,13,NAcc,subcortical,mi_naive_26d,26,480,-0.04923773184418678
sub-001,14,caudate,subcortical,mi_naive_26d,26,480,-0.0910084992647171
sub-001,15,amygdala,subcortical,mi_naive_26d,26,480,-0.05268286168575287
sub-001,16,hippocampus,subcortical,mi_naive_26d,26,480,-0.09101146459579468
sub-001,17,putamen,subcortical,mi_naive_26d,26,480,0.04989251121878624
sub-001,18,MGB,auditory,mi_naive_26d,26,480,0.049234505742788315
sub-001,19,hypothalamus,subcortical,mi_naive_26d,26,480,-0.012518410570919514
sub-001,20,insula,cortical,mi_naive_26d,26,480,0.04623488709330559
sub-001,21,IC,brainstem_gamma,mi_naive_26d,26,480,-0.07459934055805206
sub-001,22,AN,brainstem_gamma,mi_naive_26d,26,480,
sub-001,23,CN,brainstem_gamma,mi_naive_26d,26,480,
sub-001,24,SOC,brainstem_gamma,mi_naive_26d,26,480,
sub-001,25,PAG,brainstem_gamma,mi_naive_26d,26,480,-0.07539080083370209
sub-001,0,A1_HG,auditory,mert_768d,768,480,0.012660138309001923
sub-001,1,STG,auditory,mert_768d,768,480,0.15997855365276337
sub-001,2,STS,auditory,mert_768d,768,480,-0.03311473876237869
sub-001,3,IFG,cortical,mert_768d,768,480,-0.016665948554873466
sub-001,4,dlPFC,cortical,mert_768d,768,480,-0.07756338268518448
sub-001,5,vmPFC,cortical,mert_768d,768,480,-0.00425671087577939
sub-001,6,OFC,cortical,mert_768d,768,480,0.0762648805975914
sub-001,7,ACC,cortical,mert_768d,768,480,0.02011064626276493
sub-001,8,SMA,cortical,mert_768d,768,480,0.0059702638536691666
sub-001,9,PMC,cortical,mert_768d,768,480,-0.06461427360773087
sub-001,10,AG,cortical,mert_768d,768,480,-0.13369286060333252
sub-001,11,TP,cortical,mert_768d,768,480,0.029327718541026115
sub-001,12,VTA,subcortical,mert_768d,768,480,-0.07016761600971222
sub-001,13,NAcc,subcortical,mert_768d,768,480,0.02818433940410614
sub-001,14,caudate,subcortical,mert_768d,768,480,0.07196434587240219
sub-001,15,amygdala,subcortical,mert_768d,768,480,-0.012030242010951042
sub-001,16,hippocampus,subcortical,mert_768d,768,480,0.03327891603112221
sub-001,17,putamen,subcortical,mert_768d,768,480,-0.051053810864686966
sub-001,18,MGB,auditory,mert_768d,768,480,0.14869892597198486
sub-001,19,hypothalamus,subcortical,mert_768d,768,480,-0.08631185442209244
sub-001,20,insula,cortical,mert_768d,768,480,0.06961552053689957
sub-001,21,IC,brainstem_gamma,mert_768d,768,480,-0.04288424551486969
sub-001,22,AN,brainstem_gamma,mert_768d,768,480,
sub-001,23,CN,brainstem_gamma,mert_768d,768,480,
sub-001,24,SOC,brainstem_gamma,mert_768d,768,480,
sub-001,25,PAG,brainstem_gamma,mert_768d,768,480,0.13721753656864166
sub-001,0,A1_HG,auditory,random_26d,26,480,-0.008084655739367008
sub-001,1,STG,auditory,random_26d,26,480,-0.06502071768045425
sub-001,2,STS,auditory,random_26d,26,480,-0.12393501400947571
sub-001,3,IFG,cortical,random_26d,26,480,-0.0036487418692559004
sub-001,4,dlPFC,cortical,random_26d,26,480,-0.03382279351353645
sub-001,5,vmPFC,cortical,random_26d,26,480,0.0072998423129320145
sub-001,6,OFC,cortical,random_26d,26,480,0.03228675201535225
sub-001,7,ACC,cortical,random_26d,26,480,-0.07903958112001419
sub-001,8,SMA,cortical,random_26d,26,480,-0.03535144031047821
sub-001,9,PMC,cortical,random_26d,26,480,-0.020186420530080795
sub-001,10,AG,cortical,random_26d,26,480,-0.03562740981578827
sub-001,11,TP,cortical,random_26d,26,480,0.09899292886257172
sub-001,12,VTA,subcortical,random_26d,26,480,-0.033893343061208725
sub-001,13,NAcc,subcortical,random_26d,26,480,0.11418503522872925
sub-001,14,caudate,subcortical,random_26d,26,480,0.05666802451014519
sub-001,15,amygdala,subcortical,random_26d,26,480,0.027856318280100822
sub-001,16,hippocampus,subcortical,random_26d,26,480,-0.061812859028577805
sub-001,17,putamen,subcortical,random_26d,26,480,-0.06700728088617325
sub-001,18,MGB,auditory,random_26d,26,480,0.019925527274608612
sub-001,19,hypothalamus,subcortical,random_26d,26,480,0.01422826573252678
sub-001,20,insula,cortical,random_26d,26,480,-0.004903159569948912
sub-001,21,IC,brainstem_gamma,random_26d,26,480,-0.03574880585074425
sub-001,22,AN,brainstem_gamma,random_26d,26,480,
sub-001,23,CN,brainstem_gamma,random_26d,26,480,
sub-001,24,SOC,brainstem_gamma,random_26d,26,480,
sub-001,25,PAG,brainstem_gamma,random_26d,26,480,0.05054972693324089
sub-003,0,A1_HG,auditory,mi_ram_26d,26,480,0.023555628955364227
sub-003,1,STG,auditory,mi_ram_26d,26,480,0.024607539176940918
sub-003,2,STS,auditory,mi_ram_26d,26,480,-0.16426049172878265
sub-003,3,IFG,cortical,mi_ram_26d,26,480,0.059171803295612335
sub-003,4,dlPFC,cortical,mi_ram_26d,26,480,0.012136692181229591
sub-003,5,vmPFC,cortical,mi_ram_26d,26,480,0.051230043172836304
sub-003,6,OFC,cortical,mi_ram_26d,26,480,0.03139031305909157
sub-003,7,ACC,cortical,mi_ram_26d,26,480,0.062338534742593765
sub-003,8,SMA,cortical,mi_ram_26d,26,480,0.047415800392627716
sub-003,9,PMC,cortical,mi_ram_26d,26,480,0.05238119885325432
sub-003,10,AG,cortical,mi_ram_26d,26,480,0.05873877555131912
sub-003,11,TP,cortical,mi_ram_26d,26,480,0.009845626540482044
sub-003,12,VTA,subcortical,mi_ram_26d,26,480,0.06835027039051056
sub-003,13,NAcc,subcortical,mi_ram_26d,26,480,0.07906287163496017
sub-003,14,caudate,subcortical,mi_ram_26d,26,480,0.004012329503893852
sub-003,15,amygdala,subcortical,mi_ram_26d,26,480,-0.06307835876941681
sub-003,16,hippocampus,subcortical,mi_ram_26d,26,480,0.02578497864305973
sub-003,17,putamen,subcortical,mi_ram_26d,26,480,-0.01676074229180813
sub-003,18,MGB,auditory,mi_ram_26d,26,480,0.07650746405124664
sub-003,19,hypothalamus,subcortical,mi_ram_26d,26,480,0.03663141280412674
sub-003,20,insula,cortical,mi_ram_26d,26,480,0.03068704530596733
sub-003,21,IC,brainstem_gamma,mi_ram_26d,26,480,-0.015238337218761444
sub-003,22,AN,brainstem_gamma,mi_ram_26d,26,480,-0.11491014063358307
sub-003,23,CN,brainstem_gamma,mi_ram_26d,26,480,-0.022768259048461914
sub-003,24,SOC,brainstem_gamma,mi_ram_26d,26,480,0.009211487136781216
sub-003,25,PAG,brainstem_gamma,mi_ram_26d,26,480,-0.07503276318311691
sub-003,0,A1_HG,auditory,mi_naive_26d,26,480,0.04257512092590332
sub-003,1,STG,auditory,mi_naive_26d,26,480,-0.11505644023418427
sub-003,2,STS,auditory,mi_naive_26d,26,480,-0.05385386943817139
sub-003,3,IFG,cortical,mi_naive_26d,26,480,0.033005427569150925
sub-003,4,dlPFC,cortical,mi_naive_26d,26,480,-0.029165323823690414
sub-003,5,vmPFC,cortical,mi_naive_26d,26,480,-0.045707471668720245
sub-003,6,OFC,cortical,mi_naive_26d,26,480,0.06312428414821625
sub-003,7,ACC,cortical,mi_naive_26d,26,480,0.06605025380849838
sub-003,8,SMA,cortical,mi_naive_26d,26,480,0.06164420768618584
sub-003,9,PMC,cortical,mi_naive_26d,26,480,0.028259439393877983
sub-003,10,AG,cortical,mi_naive_26d,26,480,0.02258353680372238
sub-003,11,TP,cortical,mi_naive_26d,26,480,-0.07447642087936401
sub-003,12,VTA,subcortical,mi_naive_26d,26,480,-0.0369904525578022
sub-003,13,NAcc,subcortical,mi_naive_26d,26,480,-0.027884170413017273
sub-003,14,caudate,subcortical,mi_naive_26d,26,480,-0.02974136359989643
sub-003,15,amygdala,subcortical,mi_naive_26d,26,480,-0.11782682687044144
sub-003,16,hippocampus,subcortical,mi_naive_26d,26,480,-0.11103961616754532
sub-003,17,putamen,subcortical,mi_naive_26d,26,480,0.0460345484316349
sub-003,18,MGB,auditory,mi_naive_26d,26,480,-0.05422955006361008
sub-003,19,hypothalamus,subcortical,mi_naive_26d,26,480,0.08025918900966644
sub-003,20,insula,cortical,mi_naive_26d,26,480,0.048623405396938324
sub-003,21,IC,brainstem_gamma,mi_naive_26d,26,480,-0.05247235298156738
sub-003,22,AN,brainstem_gamma,mi_naive_26d,26,480,0.03505394980311394
sub-003,23,CN,brainstem_gamma,mi_naive_26d,26,480,-0.04917289316654205
sub-003,24,SOC,brainstem_gamma,mi_naive_26d,26,480,-0.09524627774953842
sub-003,25,PAG,brainstem_gamma,mi_naive_26d,26,480,-0.10845784842967987
sub-003,0,A1_HG,auditory,mert_768d,768,480,0.04293135926127434
sub-003,1,STG,auditory,mert_768d,768,480,0.00515412725508213
sub-003,2,STS,auditory,mert_768d,768,480,-0.09717148542404175
sub-003,3,IFG,cortical,mert_768d,768,480,-0.03835481405258179
sub-003,4,dlPFC,cortical,mert_768d,768,480,-0.12326405942440033
sub-003,5,vmPFC,cortical,mert_768d,768,480,-0.1333450824022293
sub-003,6,OFC,cortical,mert_768d,768,480,-0.06666478514671326
sub-003,7,ACC,cortical,mert_768d,768,480,0.01738840527832508
sub-003,8,SMA,cortical,mert_768d,768,480,-0.05239832401275635
sub-003,9,PMC,cortical,mert_768d,768,480,-0.04967718943953514
sub-003,10,AG,cortical,mert_768d,768,480,-0.15208083391189575
sub-003,11,TP,cortical,mert_768d,768,480,-0.0215517096221447
sub-003,12,VTA,subcortical,mert_768d,768,480,0.020372645929455757
sub-003,13,NAcc,subcortical,mert_768d,768,480,-0.011837853118777275
sub-003,14,caudate,subcortical,mert_768d,768,480,0.06757035106420517
sub-003,15,amygdala,subcortical,mert_768d,768,480,-0.017836248502135277
sub-003,16,hippocampus,subcortical,mert_768d,768,480,-0.11188192665576935
sub-003,17,putamen,subcortical,mert_768d,768,480,0.05208876356482506
sub-003,18,MGB,auditory,mert_768d,768,480,-0.03384721651673317
sub-003,19,hypothalamus,subcortical,mert_768d,768,480,-0.013226110488176346
sub-003,20,insula,cortical,mert_768d,768,480,-0.009661016054451466
sub-003,21,IC,brainstem_gamma,mert_768d,768,480,-0.09579264372587204
sub-003,22,AN,brainstem_gamma,mert_768d,768,480,-0.04239894822239876
sub-003,23,CN,brainstem_gamma,mert_768d,768,480,-0.06574751436710358
sub-003,24,SOC,brainstem_gamma,mert_768d,768,480,-0.045884400606155396
sub-003,25,PAG,brainstem_gamma,mert_768d,768,480,-0.07193534076213837
sub-003,0,A1_HG,auditory,random_26d,26,480,-0.11515253037214279
sub-003,1,STG,auditory,random_26d,26,480,0.0005051485495641828
sub-003,2,STS,auditory,random_26d,26,480,0.061300985515117645
sub-003,3,IFG,cortical,random_26d,26,480,0.06983392685651779
sub-003,4,dlPFC,cortical,random_26d,26,480,-0.015155371278524399
sub-003,5,vmPFC,cortical,random_26d,26,480,0.062289491295814514
sub-003,6,OFC,cortical,random_26d,26,480,-0.019827825948596
sub-003,7,ACC,cortical,random_26d,26,480,-0.013665354810655117
sub-003,8,SMA,cortical,random_26d,26,480,0.015861565247178078
sub-003,9,PMC,cortical,random_26d,26,480,-0.022538546472787857
sub-003,10,AG,cortical,random_26d,26,480,-0.002105100080370903
sub-003,11,TP,cortical,random_26d,26,480,0.04968227073550224
sub-003,12,VTA,subcortical,random_26d,26,480,0.028631435707211494
sub-003,13,NAcc,subcortical,random_26d,26,480,0.018036752939224243
sub-003,14,caudate,subcortical,random_26d,26,480,0.014428699389100075
sub-003,15,amygdala,subcortical,random_26d,26,480,0.027193989604711533
sub-003,16,hippocampus,subcortical,random_26d,26,480,0.03793232887983322
sub-003,17,putamen,subcortical,random_26d,26,480,-0.0384911447763443
sub-003,18,MGB,auditory,random_26d,26,480,0.012362501583993435
sub-003,19,hypothalamus,subcortical,random_26d,26,480,-0.018469803035259247
sub-003,20,insula,cortical,random_26d,26,480,0.033402785658836365
sub-003,21,IC,brainstem_gamma,random_26d,26,480,-0.08339592069387436
sub-003,22,AN,brainstem_gamma,random_26d,26,480,-0.06911294907331467
sub-003,23,CN,brainstem_gamma,random_26d,26,480,-0.08022567629814148
sub-003,24,SOC,brainstem_gamma,random_26d,26,480,-0.0333753265440464
sub-003,25,PAG,brainstem_gamma,random_26d,26,480,-0.06394537538290024
sub-004,0,A1_HG,auditory,mi_ram_26d,26,480,-0.09922872483730316
sub-004,1,STG,auditory,mi_ram_26d,26,480,0.0811040922999382
sub-004,2,STS,auditory,mi_ram_26d,26,480,0.0080410772934556
sub-004,3,IFG,cortical,mi_ram_26d,26,480,-0.08739161491394043
sub-004,4,dlPFC,cortical,mi_ram_26d,26,480,-0.08716918528079987
sub-004,5,vmPFC,cortical,mi_ram_26d,26,480,-0.02825186401605606
sub-004,6,OFC,cortical,mi_ram_26d,26,480,-0.058100104331970215
sub-004,7,ACC,cortical,mi_ram_26d,26,480,-0.16232886910438538
sub-004,8,SMA,cortical,mi_ram_26d,26,480,-0.13217374682426453
sub-004,9,PMC,cortical,mi_ram_26d,26,480,-0.1130223199725151
sub-004,10,AG,cortical,mi_ram_26d,26,480,-0.07163404673337936
sub-004,11,TP,cortical,mi_ram_26d,26,480,0.12327475100755692
sub-004,12,VTA,subcortical,mi_ram_26d,26,480,-0.08176632225513458
sub-004,13,NAcc,subcortical,mi_ram_26d,26,480,0.014857793226838112
sub-004,14,caudate,subcortical,mi_ram_26d,26,480,-0.045437734574079514
sub-004,15,amygdala,subcortical,mi_ram_26d,26,480,-0.08657749742269516
sub-004,16,hippocampus,subcortical,mi_ram_26d,26,480,-0.12624485790729523
sub-004,17,putamen,subcortical,mi_ram_26d,26,480,-0.09868013113737106
sub-004,18,MGB,auditory,mi_ram_26d,26,480,0.016201702877879143
sub-004,19,hypothalamus,subcortical,mi_ram_26d,26,480,0.003144160145893693
sub-004,20,insula,cortical,mi_ram_26d,26,480,-0.07861107587814331
sub-004,21,IC,brainstem_gamma,mi_ram_26d,26,480,-0.08343590795993805
sub-004,22,AN,brainstem_gamma,mi_ram_26d,26,480,0.10370943695306778
sub-004,23,CN,brainstem_gamma,mi_ram_26d,26,480,0.08993683010339737
sub-004,24,SOC,brainstem_gamma,mi_ram_26d,26,480,0.04303416237235069
sub-004,25,PAG,brainstem_gamma,mi_ram_26d,26,480,-0.07798726856708527
sub-004,0,A1_HG,auditory,mi_naive_26d,26,480,-0.03549297899007797
sub-004,1,STG,auditory,mi_naive_26d,26,480,0.030036550015211105
sub-004,2,STS,auditory,mi_naive_26d,26,480,-0.03770541772246361
sub-004,3,IFG,cortical,mi_naive_26d,26,480,-0.05152289196848869
sub-004,4,dlPFC,cortical,mi_naive_26d,26,480,-0.018971292302012444
sub-004,5,vmPFC,cortical,mi_naive_26d,26,480,0.06044423207640648
sub-004,6,OFC,cortical,mi_naive_26d,26,480,0.024288302287459373
sub-004,7,ACC,cortical,mi_naive_26d,26,480,-0.1079181432723999
sub-004,8,SMA,cortical,mi_naive_26d,26,480,-0.020303642377257347
sub-004,9,PMC,cortical,mi_naive_26d,26,480,-0.014415030367672443
sub-004,10,AG,cortical,mi_naive_26d,26,480,0.016700277104973793
sub-004,11,TP,cortical,mi_naive_26d,26,480,-0.01958691142499447
sub-004,12,VTA,subcortical,mi_naive_26d,26,480,0.03390040993690491
sub-004,13,NAcc,subcortical,mi_naive_26d,26,480,0.07161509245634079
sub-004,14,caudate,subcortical,mi_naive_26d,26,480,0.03167043998837471
sub-004,15,amygdala,subcortical,mi_naive_26d,26,480,0.040162235498428345
sub-004,16,hippocampus,subcortical,mi_naive_26d,26,480,0.023291051387786865
sub-004,17,putamen,subcortical,mi_naive_26d,26,480,-0.06806422024965286
sub-004,18,MGB,auditory,mi_naive_26d,26,480,0.040074244141578674
sub-004,19,hypothalamus,subcortical,mi_naive_26d,26,480,-0.08105721324682236
sub-004,20,insula,cortical,mi_naive_26d,26,480,-0.09131574630737305
sub-004,21,IC,brainstem_gamma,mi_naive_26d,26,480,-0.05428021773695946
sub-004,22,AN,brainstem_gamma,mi_naive_26d,26,480,0.018962886184453964
sub-004,23,CN,brainstem_gamma,mi_naive_26d,26,480,-0.03212367370724678
sub-004,24,SOC,brainstem_gamma,mi_naive_26d,26,480,-0.04906421899795532
sub-004,25,PAG,brainstem_gamma,mi_naive_26d,26,480,-0.06112799793481827
sub-004,0,A1_HG,auditory,mert_768d,768,480,-0.06171012669801712
sub-004,1,STG,auditory,mert_768d,768,480,-0.05380760878324509
sub-004,2,STS,auditory,mert_768d,768,480,-0.08004691451787949
sub-004,3,IFG,cortical,mert_768d,768,480,-0.06031158193945885
sub-004,4,dlPFC,cortical,mert_768d,768,480,0.0178880263119936
sub-004,5,vmPFC,cortical,mert_768d,768,480,-0.07456519454717636
sub-004,6,OFC,cortical,mert_768d,768,480,0.0363844558596611
sub-004,7,ACC,cortical,mert_768d,768,480,-0.054061807692050934
sub-004,8,SMA,cortical,mert_768d,768,480,-0.02520170994102955
sub-004,9,PMC,cortical,mert_768d,768,480,-0.00967911072075367
sub-004,10,AG,cortical,mert_768d,768,480,-0.0938325896859169
sub-004,11,TP,cortical,mert_768d,768,480,0.05630765110254288
sub-004,12,VTA,subcortical,mert_768d,768,480,0.02074434608221054
sub-004,13,NAcc,subcortical,mert_768d,768,480,0.028100954368710518
sub-004,14,caudate,subcortical,mert_768d,768,480,-0.05590146407485008
sub-004,15,amygdala,subcortical,mert_768d,768,480,-0.019969718530774117
sub-004,16,hippocampus,subcortical,mert_768d,768,480,-0.03129076212644577
sub-004,17,putamen,subcortical,mert_768d,768,480,0.06300625205039978
sub-004,18,MGB,auditory,mert_768d,768,480,-0.040738776326179504
sub-004,19,hypothalamus,subcortical,mert_768d,768,480,-0.08857452124357224
sub-004,20,insula,cortical,mert_768d,768,480,-0.0013667106395587325
sub-004,21,IC,brainstem_gamma,mert_768d,768,480,0.01954030618071556
sub-004,22,AN,brainstem_gamma,mert_768d,768,480,0.049192480742931366
sub-004,23,CN,brainstem_gamma,mert_768d,768,480,0.032922595739364624
sub-004,24,SOC,brainstem_gamma,mert_768d,768,480,-0.05728527531027794
sub-004,25,PAG,brainstem_gamma,mert_768d,768,480,-0.06404086202383041
sub-004,0,A1_HG,auditory,random_26d,26,480,-0.014795408584177494
sub-004,1,STG,auditory,random_26d,26,480,-0.0006003975286148489
sub-004,2,STS,auditory,random_26d,26,480,-0.05282489210367203
sub-004,3,IFG,cortical,random_26d,26,480,0.0473504438996315
sub-004,4,dlPFC,cortical,random_26d,26,480,-0.0021375578362494707
sub-004,5,vmPFC,cortical,random_26d,26,480,0.1236310750246048
sub-004,6,OFC,cortical,random_26d,26,480,0.05743085592985153
sub-004,7,ACC,cortical,random_26d,26,480,0.05875539779663086
sub-004,8,SMA,cortical,random_26d,26,480,-0.0347178690135479
sub-004,9,PMC,cortical,random_26d,26,480,-0.03625035658478737
sub-004,10,AG,cortical,random_26d,26,480,-0.03939329832792282
sub-004,11,TP,cortical,random_26d,26,480,-0.020438572391867638
sub-004,12,VTA,subcortical,random_26d,26,480,-0.021637121215462685
sub-004,13,NAcc,subcortical,random_26d,26,480,-0.029621873050928116
sub-004,14,caudate,subcortical,random_26d,26,480,0.004953601863235235
sub-004,15,amygdala,subcortical,random_26d,26,480,-0.06589478254318237
sub-004,16,hippocampus,subcortical,random_26d,26,480,-0.017035359516739845
sub-004,17,putamen,subcortical,random_26d,26,480,0.054899584501981735
sub-004,18,MGB,auditory,random_26d,26,480,0.08690059930086136
sub-004,19,hypothalamus,subcortical,random_26d,26,480,0.07049974054098129
sub-004,20,insula,cortical,random_26d,26,480,0.04608410969376564
sub-004,21,IC,brainstem_gamma,random_26d,26,480,0.040257345885038376
sub-004,22,AN,brainstem_gamma,random_26d,26,480,0.07330600172281265
sub-004,23,CN,brainstem_gamma,random_26d,26,480,0.058563414961099625
sub-004,24,SOC,brainstem_gamma,random_26d,26,480,0.018872668966650963
sub-004,25,PAG,brainstem_gamma,random_26d,26,480,0.05273813009262085
sub-005,0,A1_HG,auditory,mi_ram_26d,26,480,0.01870478317141533
sub-005,1,STG,auditory,mi_ram_26d,26,480,0.0601816400885582
sub-005,2,STS,auditory,mi_ram_26d,26,480,0.04591560736298561
sub-005,3,IFG,cortical,mi_ram_26d,26,480,0.010841075330972672
sub-005,4,dlPFC,cortical,mi_ram_26d,26,480,0.007309221662580967
sub-005,5,vmPFC,cortical,mi_ram_26d,26,480,-0.06432592123746872
sub-005,6,OFC,cortical,mi_ram_26d,26,480,0.05854732170701027
sub-005,7,ACC,cortical,mi_ram_26d,26,480,0.056030984967947006
sub-005,8,SMA,cortical,mi_ram_26d,26,480,0.0464211143553257
sub-005,9,PMC,cortical,mi_ram_26d,26,480,0.004426473751664162
sub-005,10,AG,cortical,mi_ram_26d,26,480,-0.023518137633800507
sub-005,11,TP,cortical,mi_ram_26d,26,480,0.05307060852646828
sub-005,12,VTA,subcortical,mi_ram_26d,26,480,-0.0923239067196846
sub-005,13,NAcc,subcortical,mi_ram_26d,26,480,-0.04887865111231804
sub-005,14,caudate,subcortical,mi_ram_26d,26,480,0.02792307920753956
sub-005,15,amygdala,subcortical,mi_ram_26d,26,480,0.0006889908108860254
sub-005,16,hippocampus,subcortical,mi_ram_26d,26,480,-0.02820914424955845
sub-005,17,putamen,subcortical,mi_ram_26d,26,480,-0.02079392410814762
sub-005,18,MGB,auditory,mi_ram_26d,26,480,-0.014543944038450718
sub-005,19,hypothalamus,subcortical,mi_ram_26d,26,480,0.1256239265203476
sub-005,20,insula,cortical,mi_ram_26d,26,480,0.019782736897468567
sub-005,21,IC,brainstem_gamma,mi_ram_26d,26,480,0.004104770254343748
sub-005,22,AN,brainstem_gamma,mi_ram_26d,26,480,0.00874834693968296
sub-005,23,CN,brainstem_gamma,mi_ram_26d,26,480,0.013108021579682827
sub-005,24,SOC,brainstem_gamma,mi_ram_26d,26,480,-0.02384658344089985
sub-005,25,PAG,brainstem_gamma,mi_ram_26d,26,480,-0.04096730425953865
sub-005,0,A1_HG,auditory,mi_naive_26d,26,480,0.052111800760030746
sub-005,1,STG,auditory,mi_naive_26d,26,480,0.0304363165050745
sub-005,2,STS,auditory,mi_naive_26d,26,480,0.053321726620197296
sub-005,3,IFG,cortical,mi_naive_26d,26,480,-0.030900130048394203
sub-005,4,dlPFC,cortical,mi_naive_26d,26,480,-0.05913569778203964
sub-005,5,vmPFC,cortical,mi_naive_26d,26,480,-0.03051024116575718
sub-005,6,OFC,cortical,mi_naive_26d,26,480,-0.07391180843114853
sub-005,7,ACC,cortical,mi_naive_26d,26,480,-0.04184320196509361
sub-005,8,SMA,cortical,mi_naive_26d,26,480,-0.034851524978876114
sub-005,9,PMC,cortical,mi_naive_26d,26,480,-0.059248484671115875
sub-005,10,AG,cortical,mi_naive_26d,26,480,0.05672422796487808
sub-005,11,TP,cortical,mi_naive_26d,26,480,-0.04218144342303276
sub-005,12,VTA,subcortical,mi_naive_26d,26,480,0.033104732632637024
sub-005,13,NAcc,subcortical,mi_naive_26d,26,480,-0.06191577762365341
sub-005,14,caudate,subcortical,mi_naive_26d,26,480,-0.035658642649650574
sub-005,15,amygdala,subcortical,mi_naive_26d,26,480,-0.04123258590698242
sub-005,16,hippocampus,subcortical,mi_naive_26d,26,480,-0.043954119086265564
sub-005,17,putamen,subcortical,mi_naive_26d,26,480,-0.057913001626729965
sub-005,18,MGB,auditory,mi_naive_26d,26,480,0.05871203541755676
sub-005,19,hypothalamus,subcortical,mi_naive_26d,26,480,0.08540955185890198
sub-005,20,insula,cortical,mi_naive_26d,26,480,-0.04648102447390556
sub-005,21,IC,brainstem_gamma,mi_naive_26d,26,480,-0.053675465285778046
sub-005,22,AN,brainstem_gamma,mi_naive_26d,26,480,0.04849313199520111
sub-005,23,CN,brainstem_gamma,mi_naive_26d,26,480,-0.0664457380771637
sub-005,24,SOC,brainstem_gamma,mi_naive_26d,26,480,0.032655924558639526
sub-005,25,PAG,brainstem_gamma,mi_naive_26d,26,480,0.024519992992281914
sub-005,0,A1_HG,auditory,mert_768d,768,480,-0.012846431694924831
sub-005,1,STG,auditory,mert_768d,768,480,-0.03361951932311058
sub-005,2,STS,auditory,mert_768d,768,480,0.01112047117203474
sub-005,3,IFG,cortical,mert_768d,768,480,0.045083943754434586
sub-005,4,dlPFC,cortical,mert_768d,768,480,-0.03169798478484154
sub-005,5,vmPFC,cortical,mert_768d,768,480,-0.06735450774431229
sub-005,6,OFC,cortical,mert_768d,768,480,0.007761468645185232
sub-005,7,ACC,cortical,mert_768d,768,480,-0.032226115465164185
sub-005,8,SMA,cortical,mert_768d,768,480,0.0047821770422160625
sub-005,9,PMC,cortical,mert_768d,768,480,-0.006175594870001078
sub-005,10,AG,cortical,mert_768d,768,480,-0.07036716490983963
sub-005,11,TP,cortical,mert_768d,768,480,-0.08658617734909058
sub-005,12,VTA,subcortical,mert_768d,768,480,-0.12716664373874664
sub-005,13,NAcc,subcortical,mert_768d,768,480,-0.1011233702301979
sub-005,14,caudate,subcortical,mert_768d,768,480,-0.025521885603666306
sub-005,15,amygdala,subcortical,mert_768d,768,480,-0.10463271290063858
sub-005,16,hippocampus,subcortical,mert_768d,768,480,-0.10855532437562943
sub-005,17,putamen,subcortical,mert_768d,768,480,-0.02347932942211628
sub-005,18,MGB,auditory,mert_768d,768,480,0.011399870738387108
sub-005,19,hypothalamus,subcortical,mert_768d,768,480,0.06622764468193054
sub-005,20,insula,cortical,mert_768d,768,480,-0.022382250055670738
sub-005,21,IC,brainstem_gamma,mert_768d,768,480,-0.02254158817231655
sub-005,22,AN,brainstem_gamma,mert_768d,768,480,-0.09814725071191788
sub-005,23,CN,brainstem_gamma,mert_768d,768,480,-0.020640922710299492
sub-005,24,SOC,brainstem_gamma,mert_768d,768,480,0.020082131028175354
sub-005,25,PAG,brainstem_gamma,mert_768d,768,480,-0.08890015631914139
sub-005,0,A1_HG,auditory,random_26d,26,480,-0.11182241141796112
sub-005,1,STG,auditory,random_26d,26,480,-0.08273337036371231
sub-005,2,STS,auditory,random_26d,26,480,-0.09974241256713867
sub-005,3,IFG,cortical,random_26d,26,480,-0.05744557082653046
sub-005,4,dlPFC,cortical,random_26d,26,480,-0.06009974330663681
sub-005,5,vmPFC,cortical,random_26d,26,480,-0.0355549082159996
sub-005,6,OFC,cortical,random_26d,26,480,-0.021588126197457314
sub-005,7,ACC,cortical,random_26d,26,480,-0.010443351231515408
sub-005,8,SMA,cortical,random_26d,26,480,-0.05050056055188179
sub-005,9,PMC,cortical,random_26d,26,480,-0.054230816662311554
sub-005,10,AG,cortical,random_26d,26,480,-0.02832900732755661
sub-005,11,TP,cortical,random_26d,26,480,-0.045792389661073685
sub-005,12,VTA,subcortical,random_26d,26,480,-0.021568335592746735
sub-005,13,NAcc,subcortical,random_26d,26,480,-0.029143447056412697
sub-005,14,caudate,subcortical,random_26d,26,480,0.0063751195557415485
sub-005,15,amygdala,subcortical,random_26d,26,480,0.009537055157124996
sub-005,16,hippocampus,subcortical,random_26d,26,480,0.03823401406407356
sub-005,17,putamen,subcortical,random_26d,26,480,-0.04078522324562073
sub-005,18,MGB,auditory,random_26d,26,480,0.05704759806394577
sub-005,19,hypothalamus,subcortical,random_26d,26,480,0.12013636529445648
sub-005,20,insula,cortical,random_26d,26,480,-0.054769065231084824
sub-005,21,IC,brainstem_gamma,random_26d,26,480,-0.09293537586927414
sub-005,22,AN,brainstem_gamma,random_26d,26,480,0.08294235914945602
sub-005,23,CN,brainstem_gamma,random_26d,26,480,0.10269924253225327
sub-005,24,SOC,brainstem_gamma,random_26d,26,480,-0.04329635202884674
sub-005,25,PAG,brainstem_gamma,random_26d,26,480,-0.021629147231578827
